[
  {
    "title": "অপারেশনস ম্যানেজমেন্টের গাইডলাইন",
    "category": "professional",
    "about": "এ কোর্স শেখার মাধ্যমে আপনার BCS প্রোগ্রাম জার্নি শুরু করতে পারবেন এবং ভবিষ্যতে অন্য যেকোনো BCS ট্যাক শেখার জন্য প্রস্তুত হবেন। ",
    "thumbnail": "https://cdn.shopify.com/s/files/1/0210/2968/3222/articles/trending_products_to_sell_in_India_ad8fc9e0-5052-44bf-bd93-7bec4335f5ee.jpg?v=1647462399",
    "description": {
      "reason": "এই কোর্সটি যারা বিসিএস এ উত্তীর্ণ হোন তাদেরকে বিসিএস ক্যাডার বলা হয়। সাধারণত ২ ধরণের ক্যাডার থাকে। সাধারণ ক্যাডার এবং কারিগরি বা পেশাগত ক্যাডার। পররাষ্ট্র, এডমিন, পুলিশ এগুলো হলো সাধারণ ক্যাডার। অন্যদিকে ডাক্তার, ইঞ্জিনিয়ার এরা হলেন কারিগরি ক্যাডার। সাধারণ ক্যাডারে যে কেউ আবেদন করতে পারবেন তবে কারিগরি বা পেশাগত ক্যাডারে চান্স পেতে হলে উক্ত বিষয়ে পড়াশুনা থাকতে হবে। যেমনঃ ডাক্তারি পেশায় যেতে হলে ডাক্তারি পড়াশোনা, এমবিবিএস পাশ করতে হবে। একজন ডাক্তার চাইলেই সাধারণ ক্যাডারে যেতে পারবেন। কিন্তু একজন রাষ্ট্রবিজ্ঞানের ছাত্র বিসিএস পাশ করে ডাক্তার হতে পারবেন না। কারণ ডাক্তারি বিষয়ে উনার পড়াশুনা নইে",
      "purpose": "এই কোর্সটি যারা বিসিএস এ উত্তীর্ণ হোন তাদেরকে বিসিএস ক্যাডার বলা হয়। সাধারণত ২ ধরণের ক্যাডার থাকে। সাধারণ ক্যাডার এবং কারিগরি বা পেশাগত ক্যাডার। পররাষ্ট্র, এডমিন, পুলিশ এগুলো হলো সাধারণ ক্যাডার। অন্যদিকে ডাক্তার, ইঞ্জিনিয়ার এরা হলেন কারিগরি ক্যাডার। সাধারণ ক্যাডারে যে কেউ আবেদন করতে পারবেন তবে কারিগরি বা পেশাগত ক্যাডারে চান্স পেতে হলে উক্ত বিষয়ে পড়াশুনা থাকতে হবে। যেমনঃ ডাক্তারি পেশায় যেতে হলে ডাক্তারি পড়াশোনা, এমবিবিএস পাশ করতে হবে। একজন ডাক্তার চাইলেই সাধারণ ক্যাডারে যেতে পারবেন। কিন্তু একজন রাষ্ট্রবিজ্ঞানের ছাত্র বিসিএস পাশ করে ডাক্তার হতে পারবেন না। কারণ ডাক্তারি বিষয়ে উনার পড়াশুনা নই"
    },
    "price": 1500
  },
  {
    "title": "সাপ্লাই চেইনের গাইডলাইন",
    "category": "professional",
    "about": "এ কোর্স শেখার মাধ্যমে আপনার BCS প্রোগ্রাম জার্নি শুরু করতে পারবেন এবং ভবিষ্যতে অন্য যেকোনো BCS ট্যাক শেখার জন্য প্রস্তুত হবেন। ",
    "thumbnail": "https://cdn.shopify.com/s/files/1/0210/2968/3222/articles/trending_products_to_sell_in_India_ad8fc9e0-5052-44bf-bd93-7bec4335f5ee.jpg?v=1647462399",
    "description": {
      "reason": "এই কোর্সটি যারা বিসিএস এ উত্তীর্ণ হোন তাদেরকে বিসিএস ক্যাডার বলা হয়। সাধারণত ২ ধরণের ক্যাডার থাকে। সাধারণ ক্যাডার এবং কারিগরি বা পেশাগত ক্যাডার। পররাষ্ট্র, এডমিন, পুলিশ এগুলো হলো সাধারণ ক্যাডার। অন্যদিকে ডাক্তার, ইঞ্জিনিয়ার এরা হলেন কারিগরি ক্যাডার। সাধারণ ক্যাডারে যে কেউ আবেদন করতে পারবেন তবে কারিগরি বা পেশাগত ক্যাডারে চান্স পেতে হলে উক্ত বিষয়ে পড়াশুনা থাকতে হবে। যেমনঃ ডাক্তারি পেশায় যেতে হলে ডাক্তারি পড়াশোনা, এমবিবিএস পাশ করতে হবে। একজন ডাক্তার চাইলেই সাধারণ ক্যাডারে যেতে পারবেন। কিন্তু একজন রাষ্ট্রবিজ্ঞানের ছাত্র বিসিএস পাশ করে ডাক্তার হতে পারবেন না। কারণ ডাক্তারি বিষয়ে উনার পড়াশুনা নইে",
      "purpose": "এই কোর্সটি যারা বিসিএস এ উত্তীর্ণ হোন তাদেরকে বিসিএস ক্যাডার বলা হয়। সাধারণত ২ ধরণের ক্যাডার থাকে। সাধারণ ক্যাডার এবং কারিগরি বা পেশাগত ক্যাডার। পররাষ্ট্র, এডমিন, পুলিশ এগুলো হলো সাধারণ ক্যাডার। অন্যদিকে ডাক্তার, ইঞ্জিনিয়ার এরা হলেন কারিগরি ক্যাডার। সাধারণ ক্যাডারে যে কেউ আবেদন করতে পারবেন তবে কারিগরি বা পেশাগত ক্যাডারে চান্স পেতে হলে উক্ত বিষয়ে পড়াশুনা থাকতে হবে। যেমনঃ ডাক্তারি পেশায় যেতে হলে ডাক্তারি পড়াশোনা, এমবিবিএস পাশ করতে হবে। একজন ডাক্তার চাইলেই সাধারণ ক্যাডারে যেতে পারবেন। কিন্তু একজন রাষ্ট্রবিজ্ঞানের ছাত্র বিসিএস পাশ করে ডাক্তার হতে পারবেন না। কারণ ডাক্তারি বিষয়ে উনার পড়াশুনা নই"
    },
    "price": 1500
  },
  {
    "title": "ডিজিটাল মার্কেটিং এর গাইডলাইন",
    "category": "professional",
    "about": "এ কোর্স শেখার মাধ্যমে আপনার BCS প্রোগ্রাম জার্নি শুরু করতে পারবেন এবং ভবিষ্যতে অন্য যেকোনো BCS ট্যাক শেখার জন্য প্রস্তুত হবেন। ",
    "thumbnail": "https://cdn.shopify.com/s/files/1/0210/2968/3222/articles/trending_products_to_sell_in_India_ad8fc9e0-5052-44bf-bd93-7bec4335f5ee.jpg?v=1647462399",
    "description": {
      "reason": "এই কোর্সটি যারা বিসিএস এ উত্তীর্ণ হোন তাদেরকে বিসিএস ক্যাডার বলা হয়। সাধারণত ২ ধরণের ক্যাডার থাকে। সাধারণ ক্যাডার এবং কারিগরি বা পেশাগত ক্যাডার। পররাষ্ট্র, এডমিন, পুলিশ এগুলো হলো সাধারণ ক্যাডার। অন্যদিকে ডাক্তার, ইঞ্জিনিয়ার এরা হলেন কারিগরি ক্যাডার। সাধারণ ক্যাডারে যে কেউ আবেদন করতে পারবেন তবে কারিগরি বা পেশাগত ক্যাডারে চান্স পেতে হলে উক্ত বিষয়ে পড়াশুনা থাকতে হবে। যেমনঃ ডাক্তারি পেশায় যেতে হলে ডাক্তারি পড়াশোনা, এমবিবিএস পাশ করতে হবে। একজন ডাক্তার চাইলেই সাধারণ ক্যাডারে যেতে পারবেন। কিন্তু একজন রাষ্ট্রবিজ্ঞানের ছাত্র বিসিএস পাশ করে ডাক্তার হতে পারবেন না। কারণ ডাক্তারি বিষয়ে উনার পড়াশুনা নইে",
      "purpose": "এই কোর্সটি যারা বিসিএস এ উত্তীর্ণ হোন তাদেরকে বিসিএস ক্যাডার বলা হয়। সাধারণত ২ ধরণের ক্যাডার থাকে। সাধারণ ক্যাডার এবং কারিগরি বা পেশাগত ক্যাডার। পররাষ্ট্র, এডমিন, পুলিশ এগুলো হলো সাধারণ ক্যাডার। অন্যদিকে ডাক্তার, ইঞ্জিনিয়ার এরা হলেন কারিগরি ক্যাডার। সাধারণ ক্যাডারে যে কেউ আবেদন করতে পারবেন তবে কারিগরি বা পেশাগত ক্যাডারে চান্স পেতে হলে উক্ত বিষয়ে পড়াশুনা থাকতে হবে। যেমনঃ ডাক্তারি পেশায় যেতে হলে ডাক্তারি পড়াশোনা, এমবিবিএস পাশ করতে হবে। একজন ডাক্তার চাইলেই সাধারণ ক্যাডারে যেতে পারবেন। কিন্তু একজন রাষ্ট্রবিজ্ঞানের ছাত্র বিসিএস পাশ করে ডাক্তার হতে পারবেন না। কারণ ডাক্তারি বিষয়ে উনার পড়াশুনা নই"
    },
    "price": 1500
  },
  {
    "title": "ইঞ্জিনিয়ারিং পড়তে চাই",
    "category": "academic",
    "about": "এ কোর্স শেখার মাধ্যমে আপনার BCS প্রোগ্রাম জার্নি শুরু করতে পারবেন এবং ভবিষ্যতে অন্য যেকোনো BCS ট্যাক শেখার জন্য প্রস্তুত হবেন। ",
    "thumbnail": "https://cdn.shopify.com/s/files/1/0210/2968/3222/articles/trending_products_to_sell_in_India_ad8fc9e0-5052-44bf-bd93-7bec4335f5ee.jpg?v=1647462399",
    "description": {
      "reason": "এই কোর্সটি যারা বিসিএস এ উত্তীর্ণ হোন তাদেরকে বিসিএস ক্যাডার বলা হয়। সাধারণত ২ ধরণের ক্যাডার থাকে। সাধারণ ক্যাডার এবং কারিগরি বা পেশাগত ক্যাডার। পররাষ্ট্র, এডমিন, পুলিশ এগুলো হলো সাধারণ ক্যাডার। অন্যদিকে ডাক্তার, ইঞ্জিনিয়ার এরা হলেন কারিগরি ক্যাডার। সাধারণ ক্যাডারে যে কেউ আবেদন করতে পারবেন তবে কারিগরি বা পেশাগত ক্যাডারে চান্স পেতে হলে উক্ত বিষয়ে পড়াশুনা থাকতে হবে। যেমনঃ ডাক্তারি পেশায় যেতে হলে ডাক্তারি পড়াশোনা, এমবিবিএস পাশ করতে হবে। একজন ডাক্তার চাইলেই সাধারণ ক্যাডারে যেতে পারবেন। কিন্তু একজন রাষ্ট্রবিজ্ঞানের ছাত্র বিসিএস পাশ করে ডাক্তার হতে পারবেন না। কারণ ডাক্তারি বিষয়ে উনার পড়াশুনা নইে",
      "purpose": "এই কোর্সটি যারা বিসিএস এ উত্তীর্ণ হোন তাদেরকে বিসিএস ক্যাডার বলা হয়। সাধারণত ২ ধরণের ক্যাডার থাকে। সাধারণ ক্যাডার এবং কারিগরি বা পেশাগত ক্যাডার। পররাষ্ট্র, এডমিন, পুলিশ এগুলো হলো সাধারণ ক্যাডার। অন্যদিকে ডাক্তার, ইঞ্জিনিয়ার এরা হলেন কারিগরি ক্যাডার। সাধারণ ক্যাডারে যে কেউ আবেদন করতে পারবেন তবে কারিগরি বা পেশাগত ক্যাডারে চান্স পেতে হলে উক্ত বিষয়ে পড়াশুনা থাকতে হবে। যেমনঃ ডাক্তারি পেশায় যেতে হলে ডাক্তারি পড়াশোনা, এমবিবিএস পাশ করতে হবে। একজন ডাক্তার চাইলেই সাধারণ ক্যাডারে যেতে পারবেন। কিন্তু একজন রাষ্ট্রবিজ্ঞানের ছাত্র বিসিএস পাশ করে ডাক্তার হতে পারবেন না। কারণ ডাক্তারি বিষয়ে উনার পড়াশুনা নই"
    },
    "price": 1200
  },
  {
    "title": "ডাক্তার হতে চাই",
    "category": "academic",
    "about": "এ কোর্স শেখার মাধ্যমে আপনার BCS প্রোগ্রাম জার্নি শুরু করতে পারবেন এবং ভবিষ্যতে অন্য যেকোনো BCS ট্যাক শেখার জন্য প্রস্তুত হবেন। ",
    "thumbnail": "https://cdn.shopify.com/s/files/1/0210/2968/3222/articles/trending_products_to_sell_in_India_ad8fc9e0-5052-44bf-bd93-7bec4335f5ee.jpg?v=1647462399",
    "description": {
      "reason": "এই কোর্সটি যারা বিসিএস এ উত্তীর্ণ হোন তাদেরকে বিসিএস ক্যাডার বলা হয়। সাধারণত ২ ধরণের ক্যাডার থাকে। সাধারণ ক্যাডার এবং কারিগরি বা পেশাগত ক্যাডার। পররাষ্ট্র, এডমিন, পুলিশ এগুলো হলো সাধারণ ক্যাডার। অন্যদিকে ডাক্তার, ইঞ্জিনিয়ার এরা হলেন কারিগরি ক্যাডার। সাধারণ ক্যাডারে যে কেউ আবেদন করতে পারবেন তবে কারিগরি বা পেশাগত ক্যাডারে চান্স পেতে হলে উক্ত বিষয়ে পড়াশুনা থাকতে হবে। যেমনঃ ডাক্তারি পেশায় যেতে হলে ডাক্তারি পড়াশোনা, এমবিবিএস পাশ করতে হবে। একজন ডাক্তার চাইলেই সাধারণ ক্যাডারে যেতে পারবেন। কিন্তু একজন রাষ্ট্রবিজ্ঞানের ছাত্র বিসিএস পাশ করে ডাক্তার হতে পারবেন না। কারণ ডাক্তারি বিষয়ে উনার পড়াশুনা নইে",
      "purpose": "এই কোর্সটি যারা বিসিএস এ উত্তীর্ণ হোন তাদেরকে বিসিএস ক্যাডার বলা হয়। সাধারণত ২ ধরণের ক্যাডার থাকে। সাধারণ ক্যাডার এবং কারিগরি বা পেশাগত ক্যাডার। পররাষ্ট্র, এডমিন, পুলিশ এগুলো হলো সাধারণ ক্যাডার। অন্যদিকে ডাক্তার, ইঞ্জিনিয়ার এরা হলেন কারিগরি ক্যাডার। সাধারণ ক্যাডারে যে কেউ আবেদন করতে পারবেন তবে কারিগরি বা পেশাগত ক্যাডারে চান্স পেতে হলে উক্ত বিষয়ে পড়াশুনা থাকতে হবে। যেমনঃ ডাক্তারি পেশায় যেতে হলে ডাক্তারি পড়াশোনা, এমবিবিএস পাশ করতে হবে। একজন ডাক্তার চাইলেই সাধারণ ক্যাডারে যেতে পারবেন। কিন্তু একজন রাষ্ট্রবিজ্ঞানের ছাত্র বিসিএস পাশ করে ডাক্তার হতে পারবেন না। কারণ ডাক্তারি বিষয়ে উনার পড়াশুনা নই"
    },
    "price": 1200
  },
  {
    "title": "IELTS দিতে ইচ্ছুক",
    "category": "academic",
    "about": "এ কোর্স শেখার মাধ্যমে আপনার BCS প্রোগ্রাম জার্নি শুরু করতে পারবেন এবং ভবিষ্যতে অন্য যেকোনো BCS ট্যাক শেখার জন্য প্রস্তুত হবেন। ",
    "thumbnail": "https://cdn.shopify.com/s/files/1/0210/2968/3222/articles/trending_products_to_sell_in_India_ad8fc9e0-5052-44bf-bd93-7bec4335f5ee.jpg?v=1647462399",
    "description": {
      "reason": "এই কোর্সটি যারা বিসিএস এ উত্তীর্ণ হোন তাদেরকে বিসিএস ক্যাডার বলা হয়। সাধারণত ২ ধরণের ক্যাডার থাকে। সাধারণ ক্যাডার এবং কারিগরি বা পেশাগত ক্যাডার। পররাষ্ট্র, এডমিন, পুলিশ এগুলো হলো সাধারণ ক্যাডার। অন্যদিকে ডাক্তার, ইঞ্জিনিয়ার এরা হলেন কারিগরি ক্যাডার। সাধারণ ক্যাডারে যে কেউ আবেদন করতে পারবেন তবে কারিগরি বা পেশাগত ক্যাডারে চান্স পেতে হলে উক্ত বিষয়ে পড়াশুনা থাকতে হবে। যেমনঃ ডাক্তারি পেশায় যেতে হলে ডাক্তারি পড়াশোনা, এমবিবিএস পাশ করতে হবে। একজন ডাক্তার চাইলেই সাধারণ ক্যাডারে যেতে পারবেন। কিন্তু একজন রাষ্ট্রবিজ্ঞানের ছাত্র বিসিএস পাশ করে ডাক্তার হতে পারবেন না। কারণ ডাক্তারি বিষয়ে উনার পড়াশুনা নইে",
      "purpose": "এই কোর্সটি যারা বিসিএস এ উত্তীর্ণ হোন তাদেরকে বিসিএস ক্যাডার বলা হয়। সাধারণত ২ ধরণের ক্যাডার থাকে। সাধারণ ক্যাডার এবং কারিগরি বা পেশাগত ক্যাডার। পররাষ্ট্র, এডমিন, পুলিশ এগুলো হলো সাধারণ ক্যাডার। অন্যদিকে ডাক্তার, ইঞ্জিনিয়ার এরা হলেন কারিগরি ক্যাডার। সাধারণ ক্যাডারে যে কেউ আবেদন করতে পারবেন তবে কারিগরি বা পেশাগত ক্যাডারে চান্স পেতে হলে উক্ত বিষয়ে পড়াশুনা থাকতে হবে। যেমনঃ ডাক্তারি পেশায় যেতে হলে ডাক্তারি পড়াশোনা, এমবিবিএস পাশ করতে হবে। একজন ডাক্তার চাইলেই সাধারণ ক্যাডারে যেতে পারবেন। কিন্তু একজন রাষ্ট্রবিজ্ঞানের ছাত্র বিসিএস পাশ করে ডাক্তার হতে পারবেন না। কারণ ডাক্তারি বিষয়ে উনার পড়াশুনা নই"
    },
    "price": 2000
  },
  {
    "title": "USA/Canada এর ভার্সিটিগুলতে অ্যাডমিশনে আগ্রহী",
    "category": "academic",
    "about": "এ কোর্স শেখার মাধ্যমে আপনার BCS প্রোগ্রাম জার্নি শুরু করতে পারবেন এবং ভবিষ্যতে অন্য যেকোনো BCS ট্যাক শেখার জন্য প্রস্তুত হবেন। ",
    "thumbnail": "https://cdn.shopify.com/s/files/1/0210/2968/3222/articles/trending_products_to_sell_in_India_ad8fc9e0-5052-44bf-bd93-7bec4335f5ee.jpg?v=1647462399",
    "description": {
      "reason": "এই কোর্সটি যারা বিসিএস এ উত্তীর্ণ হোন তাদেরকে বিসিএস ক্যাডার বলা হয়। সাধারণত ২ ধরণের ক্যাডার থাকে। সাধারণ ক্যাডার এবং কারিগরি বা পেশাগত ক্যাডার। পররাষ্ট্র, এডমিন, পুলিশ এগুলো হলো সাধারণ ক্যাডার। অন্যদিকে ডাক্তার, ইঞ্জিনিয়ার এরা হলেন কারিগরি ক্যাডার। সাধারণ ক্যাডারে যে কেউ আবেদন করতে পারবেন তবে কারিগরি বা পেশাগত ক্যাডারে চান্স পেতে হলে উক্ত বিষয়ে পড়াশুনা থাকতে হবে। যেমনঃ ডাক্তারি পেশায় যেতে হলে ডাক্তারি পড়াশোনা, এমবিবিএস পাশ করতে হবে। একজন ডাক্তার চাইলেই সাধারণ ক্যাডারে যেতে পারবেন। কিন্তু একজন রাষ্ট্রবিজ্ঞানের ছাত্র বিসিএস পাশ করে ডাক্তার হতে পারবেন না। কারণ ডাক্তারি বিষয়ে উনার পড়াশুনা নইে",
      "purpose": "এই কোর্সটি যারা বিসিএস এ উত্তীর্ণ হোন তাদেরকে বিসিএস ক্যাডার বলা হয়। সাধারণত ২ ধরণের ক্যাডার থাকে। সাধারণ ক্যাডার এবং কারিগরি বা পেশাগত ক্যাডার। পররাষ্ট্র, এডমিন, পুলিশ এগুলো হলো সাধারণ ক্যাডার। অন্যদিকে ডাক্তার, ইঞ্জিনিয়ার এরা হলেন কারিগরি ক্যাডার। সাধারণ ক্যাডারে যে কেউ আবেদন করতে পারবেন তবে কারিগরি বা পেশাগত ক্যাডারে চান্স পেতে হলে উক্ত বিষয়ে পড়াশুনা থাকতে হবে। যেমনঃ ডাক্তারি পেশায় যেতে হলে ডাক্তারি পড়াশোনা, এমবিবিএস পাশ করতে হবে। একজন ডাক্তার চাইলেই সাধারণ ক্যাডারে যেতে পারবেন। কিন্তু একজন রাষ্ট্রবিজ্ঞানের ছাত্র বিসিএস পাশ করে ডাক্তার হতে পারবেন না। কারণ ডাক্তারি বিষয়ে উনার পড়াশুনা নই"
    },
    "price": 2000
  },
  {
    "title": "পাবলিক ভার্সিটিতে ভর্তি হতে চাই",
    "category": "academic",
    "about": "এ কোর্স শেখার মাধ্যমে আপনার BCS প্রোগ্রাম জার্নি শুরু করতে পারবেন এবং ভবিষ্যতে অন্য যেকোনো BCS ট্যাক শেখার জন্য প্রস্তুত হবেন। ",
    "thumbnail": "https://cdn.shopify.com/s/files/1/0210/2968/3222/articles/trending_products_to_sell_in_India_ad8fc9e0-5052-44bf-bd93-7bec4335f5ee.jpg?v=1647462399",
    "description": {
      "reason": "এই কোর্সটি যারা বিসিএস এ উত্তীর্ণ হোন তাদেরকে বিসিএস ক্যাডার বলা হয়। সাধারণত ২ ধরণের ক্যাডার থাকে। সাধারণ ক্যাডার এবং কারিগরি বা পেশাগত ক্যাডার। পররাষ্ট্র, এডমিন, পুলিশ এগুলো হলো সাধারণ ক্যাডার। অন্যদিকে ডাক্তার, ইঞ্জিনিয়ার এরা হলেন কারিগরি ক্যাডার। সাধারণ ক্যাডারে যে কেউ আবেদন করতে পারবেন তবে কারিগরি বা পেশাগত ক্যাডারে চান্স পেতে হলে উক্ত বিষয়ে পড়াশুনা থাকতে হবে। যেমনঃ ডাক্তারি পেশায় যেতে হলে ডাক্তারি পড়াশোনা, এমবিবিএস পাশ করতে হবে। একজন ডাক্তার চাইলেই সাধারণ ক্যাডারে যেতে পারবেন। কিন্তু একজন রাষ্ট্রবিজ্ঞানের ছাত্র বিসিএস পাশ করে ডাক্তার হতে পারবেন না। কারণ ডাক্তারি বিষয়ে উনার পড়াশুনা নইে",
      "purpose": "এই কোর্সটি যারা বিসিএস এ উত্তীর্ণ হোন তাদেরকে বিসিএস ক্যাডার বলা হয়। সাধারণত ২ ধরণের ক্যাডার থাকে। সাধারণ ক্যাডার এবং কারিগরি বা পেশাগত ক্যাডার। পররাষ্ট্র, এডমিন, পুলিশ এগুলো হলো সাধারণ ক্যাডার। অন্যদিকে ডাক্তার, ইঞ্জিনিয়ার এরা হলেন কারিগরি ক্যাডার। সাধারণ ক্যাডারে যে কেউ আবেদন করতে পারবেন তবে কারিগরি বা পেশাগত ক্যাডারে চান্স পেতে হলে উক্ত বিষয়ে পড়াশুনা থাকতে হবে। যেমনঃ ডাক্তারি পেশায় যেতে হলে ডাক্তারি পড়াশোনা, এমবিবিএস পাশ করতে হবে। একজন ডাক্তার চাইলেই সাধারণ ক্যাডারে যেতে পারবেন। কিন্তু একজন রাষ্ট্রবিজ্ঞানের ছাত্র বিসিএস পাশ করে ডাক্তার হতে পারবেন না। কারণ ডাক্তারি বিষয়ে উনার পড়াশুনা নই"
    },
    "price": 800
  },
  {
    "title": "আইবিএতে পড়তে ইচ্ছুক",
    "category": "academic",
    "about": "এ কোর্স শেখার মাধ্যমে আপনার BCS প্রোগ্রাম জার্নি শুরু করতে পারবেন এবং ভবিষ্যতে অন্য যেকোনো BCS ট্যাক শেখার জন্য প্রস্তুত হবেন। ",
    "thumbnail": "https://cdn.shopify.com/s/files/1/0210/2968/3222/articles/trending_products_to_sell_in_India_ad8fc9e0-5052-44bf-bd93-7bec4335f5ee.jpg?v=1647462399",
    "description": {
      "reason": "এই কোর্সটি যারা বিসিএস এ উত্তীর্ণ হোন তাদেরকে বিসিএস ক্যাডার বলা হয়। সাধারণত ২ ধরণের ক্যাডার থাকে। সাধারণ ক্যাডার এবং কারিগরি বা পেশাগত ক্যাডার। পররাষ্ট্র, এডমিন, পুলিশ এগুলো হলো সাধারণ ক্যাডার। অন্যদিকে ডাক্তার, ইঞ্জিনিয়ার এরা হলেন কারিগরি ক্যাডার। সাধারণ ক্যাডারে যে কেউ আবেদন করতে পারবেন তবে কারিগরি বা পেশাগত ক্যাডারে চান্স পেতে হলে উক্ত বিষয়ে পড়াশুনা থাকতে হবে। যেমনঃ ডাক্তারি পেশায় যেতে হলে ডাক্তারি পড়াশোনা, এমবিবিএস পাশ করতে হবে। একজন ডাক্তার চাইলেই সাধারণ ক্যাডারে যেতে পারবেন। কিন্তু একজন রাষ্ট্রবিজ্ঞানের ছাত্র বিসিএস পাশ করে ডাক্তার হতে পারবেন না। কারণ ডাক্তারি বিষয়ে উনার পড়াশুনা নইে",
      "purpose": "এই কোর্সটি যারা বিসিএস এ উত্তীর্ণ হোন তাদেরকে বিসিএস ক্যাডার বলা হয়। সাধারণত ২ ধরণের ক্যাডার থাকে। সাধারণ ক্যাডার এবং কারিগরি বা পেশাগত ক্যাডার। পররাষ্ট্র, এডমিন, পুলিশ এগুলো হলো সাধারণ ক্যাডার। অন্যদিকে ডাক্তার, ইঞ্জিনিয়ার এরা হলেন কারিগরি ক্যাডার। সাধারণ ক্যাডারে যে কেউ আবেদন করতে পারবেন তবে কারিগরি বা পেশাগত ক্যাডারে চান্স পেতে হলে উক্ত বিষয়ে পড়াশুনা থাকতে হবে। যেমনঃ ডাক্তারি পেশায় যেতে হলে ডাক্তারি পড়াশোনা, এমবিবিএস পাশ করতে হবে। একজন ডাক্তার চাইলেই সাধারণ ক্যাডারে যেতে পারবেন। কিন্তু একজন রাষ্ট্রবিজ্ঞানের ছাত্র বিসিএস পাশ করে ডাক্তার হতে পারবেন না। কারণ ডাক্তারি বিষয়ে উনার পড়াশুনা নই"
    },
    "price": 1200
  },
  {
    "title": "BCS ক্যাডার হতে চাই",
    "category": "job-related",
    "about": "এ কোর্স শেখার মাধ্যমে আপনার BCS প্রোগ্রাম জার্নি শুরু করতে পারবেন এবং ভবিষ্যতে অন্য যেকোনো BCS ট্যাক শেখার জন্য প্রস্তুত হবেন। ",
    "thumbnail": "https://cdn.shopify.com/s/files/1/0210/2968/3222/articles/trending_products_to_sell_in_India_ad8fc9e0-5052-44bf-bd93-7bec4335f5ee.jpg?v=1647462399",
    "description": {
      "reason": "এই কোর্সটি যারা বিসিএস এ উত্তীর্ণ হোন তাদেরকে বিসিএস ক্যাডার বলা হয়। সাধারণত ২ ধরণের ক্যাডার থাকে। সাধারণ ক্যাডার এবং কারিগরি বা পেশাগত ক্যাডার। পররাষ্ট্র, এডমিন, পুলিশ এগুলো হলো সাধারণ ক্যাডার। অন্যদিকে ডাক্তার, ইঞ্জিনিয়ার এরা হলেন কারিগরি ক্যাডার। সাধারণ ক্যাডারে যে কেউ আবেদন করতে পারবেন তবে কারিগরি বা পেশাগত ক্যাডারে চান্স পেতে হলে উক্ত বিষয়ে পড়াশুনা থাকতে হবে। যেমনঃ ডাক্তারি পেশায় যেতে হলে ডাক্তারি পড়াশোনা, এমবিবিএস পাশ করতে হবে। একজন ডাক্তার চাইলেই সাধারণ ক্যাডারে যেতে পারবেন। কিন্তু একজন রাষ্ট্রবিজ্ঞানের ছাত্র বিসিএস পাশ করে ডাক্তার হতে পারবেন না। কারণ ডাক্তারি বিষয়ে উনার পড়াশুনা নইে",
      "purpose": "এই কোর্সটি যারা বিসিএস এ উত্তীর্ণ হোন তাদেরকে বিসিএস ক্যাডার বলা হয়। সাধারণত ২ ধরণের ক্যাডার থাকে। সাধারণ ক্যাডার এবং কারিগরি বা পেশাগত ক্যাডার। পররাষ্ট্র, এডমিন, পুলিশ এগুলো হলো সাধারণ ক্যাডার। অন্যদিকে ডাক্তার, ইঞ্জিনিয়ার এরা হলেন কারিগরি ক্যাডার। সাধারণ ক্যাডারে যে কেউ আবেদন করতে পারবেন তবে কারিগরি বা পেশাগত ক্যাডারে চান্স পেতে হলে উক্ত বিষয়ে পড়াশুনা থাকতে হবে। যেমনঃ ডাক্তারি পেশায় যেতে হলে ডাক্তারি পড়াশোনা, এমবিবিএস পাশ করতে হবে। একজন ডাক্তার চাইলেই সাধারণ ক্যাডারে যেতে পারবেন। কিন্তু একজন রাষ্ট্রবিজ্ঞানের ছাত্র বিসিএস পাশ করে ডাক্তার হতে পারবেন না। কারণ ডাক্তারি বিষয়ে উনার পড়াশুনা নই"
    },
    "price": 1200
  },
  {
    "title": "ব্যাংকার হতে চাই",
    "category": "job-related",
    "about": "এ কোর্স শেখার মাধ্যমে আপনার BCS প্রোগ্রাম জার্নি শুরু করতে পারবেন এবং ভবিষ্যতে অন্য যেকোনো BCS ট্যাক শেখার জন্য প্রস্তুত হবেন। ",
    "thumbnail": "https://cdn.shopify.com/s/files/1/0210/2968/3222/articles/trending_products_to_sell_in_India_ad8fc9e0-5052-44bf-bd93-7bec4335f5ee.jpg?v=1647462399",
    "description": {
      "reason": "এই কোর্সটি যারা বিসিএস এ উত্তীর্ণ হোন তাদেরকে বিসিএস ক্যাডার বলা হয়। সাধারণত ২ ধরণের ক্যাডার থাকে। সাধারণ ক্যাডার এবং কারিগরি বা পেশাগত ক্যাডার। পররাষ্ট্র, এডমিন, পুলিশ এগুলো হলো সাধারণ ক্যাডার। অন্যদিকে ডাক্তার, ইঞ্জিনিয়ার এরা হলেন কারিগরি ক্যাডার। সাধারণ ক্যাডারে যে কেউ আবেদন করতে পারবেন তবে কারিগরি বা পেশাগত ক্যাডারে চান্স পেতে হলে উক্ত বিষয়ে পড়াশুনা থাকতে হবে। যেমনঃ ডাক্তারি পেশায় যেতে হলে ডাক্তারি পড়াশোনা, এমবিবিএস পাশ করতে হবে। একজন ডাক্তার চাইলেই সাধারণ ক্যাডারে যেতে পারবেন। কিন্তু একজন রাষ্ট্রবিজ্ঞানের ছাত্র বিসিএস পাশ করে ডাক্তার হতে পারবেন না। কারণ ডাক্তারি বিষয়ে উনার পড়াশুনা নইে",
      "purpose": "এই কোর্সটি যারা বিসিএস এ উত্তীর্ণ হোন তাদেরকে বিসিএস ক্যাডার বলা হয়। সাধারণত ২ ধরণের ক্যাডার থাকে। সাধারণ ক্যাডার এবং কারিগরি বা পেশাগত ক্যাডার। পররাষ্ট্র, এডমিন, পুলিশ এগুলো হলো সাধারণ ক্যাডার। অন্যদিকে ডাক্তার, ইঞ্জিনিয়ার এরা হলেন কারিগরি ক্যাডার। সাধারণ ক্যাডারে যে কেউ আবেদন করতে পারবেন তবে কারিগরি বা পেশাগত ক্যাডারে চান্স পেতে হলে উক্ত বিষয়ে পড়াশুনা থাকতে হবে। যেমনঃ ডাক্তারি পেশায় যেতে হলে ডাক্তারি পড়াশোনা, এমবিবিএস পাশ করতে হবে। একজন ডাক্তার চাইলেই সাধারণ ক্যাডারে যেতে পারবেন। কিন্তু একজন রাষ্ট্রবিজ্ঞানের ছাত্র বিসিএস পাশ করে ডাক্তার হতে পারবেন না। কারণ ডাক্তারি বিষয়ে উনার পড়াশুনা নই"
    },
    "price": 1200
  },
  {
    "title": "কর্পোরেটে ক্যারিয়ার গড়তে আগ্রহী",
    "category": "job-related",
    "about": "এ কোর্স শেখার মাধ্যমে আপনার BCS প্রোগ্রাম জার্নি শুরু করতে পারবেন এবং ভবিষ্যতে অন্য যেকোনো BCS ট্যাক শেখার জন্য প্রস্তুত হবেন। ",
    "thumbnail": "https://cdn.shopify.com/s/files/1/0210/2968/3222/articles/trending_products_to_sell_in_India_ad8fc9e0-5052-44bf-bd93-7bec4335f5ee.jpg?v=1647462399",
    "description": {
      "reason": "এই কোর্সটি যারা বিসিএস এ উত্তীর্ণ হোন তাদেরকে বিসিএস ক্যাডার বলা হয়। সাধারণত ২ ধরণের ক্যাডার থাকে। সাধারণ ক্যাডার এবং কারিগরি বা পেশাগত ক্যাডার। পররাষ্ট্র, এডমিন, পুলিশ এগুলো হলো সাধারণ ক্যাডার। অন্যদিকে ডাক্তার, ইঞ্জিনিয়ার এরা হলেন কারিগরি ক্যাডার। সাধারণ ক্যাডারে যে কেউ আবেদন করতে পারবেন তবে কারিগরি বা পেশাগত ক্যাডারে চান্স পেতে হলে উক্ত বিষয়ে পড়াশুনা থাকতে হবে। যেমনঃ ডাক্তারি পেশায় যেতে হলে ডাক্তারি পড়াশোনা, এমবিবিএস পাশ করতে হবে। একজন ডাক্তার চাইলেই সাধারণ ক্যাডারে যেতে পারবেন। কিন্তু একজন রাষ্ট্রবিজ্ঞানের ছাত্র বিসিএস পাশ করে ডাক্তার হতে পারবেন না। কারণ ডাক্তারি বিষয়ে উনার পড়াশুনা নইে",
      "purpose": "এই কোর্সটি যারা বিসিএস এ উত্তীর্ণ হোন তাদেরকে বিসিএস ক্যাডার বলা হয়। সাধারণত ২ ধরণের ক্যাডার থাকে। সাধারণ ক্যাডার এবং কারিগরি বা পেশাগত ক্যাডার। পররাষ্ট্র, এডমিন, পুলিশ এগুলো হলো সাধারণ ক্যাডার। অন্যদিকে ডাক্তার, ইঞ্জিনিয়ার এরা হলেন কারিগরি ক্যাডার। সাধারণ ক্যাডারে যে কেউ আবেদন করতে পারবেন তবে কারিগরি বা পেশাগত ক্যাডারে চান্স পেতে হলে উক্ত বিষয়ে পড়াশুনা থাকতে হবে। যেমনঃ ডাক্তারি পেশায় যেতে হলে ডাক্তারি পড়াশোনা, এমবিবিএস পাশ করতে হবে। একজন ডাক্তার চাইলেই সাধারণ ক্যাডারে যেতে পারবেন। কিন্তু একজন রাষ্ট্রবিজ্ঞানের ছাত্র বিসিএস পাশ করে ডাক্তার হতে পারবেন না। কারণ ডাক্তারি বিষয়ে উনার পড়াশুনা নই"
    },
    "price": 1500
  },
  {
    "title": "ফ্রিল্যান্সিঙ করতে চাই",
    "category": "job-related",
    "about": "এ কোর্স শেখার মাধ্যমে আপনার BCS প্রোগ্রাম জার্নি শুরু করতে পারবেন এবং ভবিষ্যতে অন্য যেকোনো BCS ট্যাক শেখার জন্য প্রস্তুত হবেন। ",
    "thumbnail": "https://cdn.shopify.com/s/files/1/0210/2968/3222/articles/trending_products_to_sell_in_India_ad8fc9e0-5052-44bf-bd93-7bec4335f5ee.jpg?v=1647462399",
    "description": {
      "reason": "এই কোর্সটি যারা বিসিএস এ উত্তীর্ণ হোন তাদেরকে বিসিএস ক্যাডার বলা হয়। সাধারণত ২ ধরণের ক্যাডার থাকে। সাধারণ ক্যাডার এবং কারিগরি বা পেশাগত ক্যাডার। পররাষ্ট্র, এডমিন, পুলিশ এগুলো হলো সাধারণ ক্যাডার। অন্যদিকে ডাক্তার, ইঞ্জিনিয়ার এরা হলেন কারিগরি ক্যাডার। সাধারণ ক্যাডারে যে কেউ আবেদন করতে পারবেন তবে কারিগরি বা পেশাগত ক্যাডারে চান্স পেতে হলে উক্ত বিষয়ে পড়াশুনা থাকতে হবে। যেমনঃ ডাক্তারি পেশায় যেতে হলে ডাক্তারি পড়াশোনা, এমবিবিএস পাশ করতে হবে। একজন ডাক্তার চাইলেই সাধারণ ক্যাডারে যেতে পারবেন। কিন্তু একজন রাষ্ট্রবিজ্ঞানের ছাত্র বিসিএস পাশ করে ডাক্তার হতে পারবেন না। কারণ ডাক্তারি বিষয়ে উনার পড়াশুনা নইে",
      "purpose": "এই কোর্সটি যারা বিসিএস এ উত্তীর্ণ হোন তাদেরকে বিসিএস ক্যাডার বলা হয়। সাধারণত ২ ধরণের ক্যাডার থাকে। সাধারণ ক্যাডার এবং কারিগরি বা পেশাগত ক্যাডার। পররাষ্ট্র, এডমিন, পুলিশ এগুলো হলো সাধারণ ক্যাডার। অন্যদিকে ডাক্তার, ইঞ্জিনিয়ার এরা হলেন কারিগরি ক্যাডার। সাধারণ ক্যাডারে যে কেউ আবেদন করতে পারবেন তবে কারিগরি বা পেশাগত ক্যাডারে চান্স পেতে হলে উক্ত বিষয়ে পড়াশুনা থাকতে হবে। যেমনঃ ডাক্তারি পেশায় যেতে হলে ডাক্তারি পড়াশোনা, এমবিবিএস পাশ করতে হবে। একজন ডাক্তার চাইলেই সাধারণ ক্যাডারে যেতে পারবেন। কিন্তু একজন রাষ্ট্রবিজ্ঞানের ছাত্র বিসিএস পাশ করে ডাক্তার হতে পারবেন না। কারণ ডাক্তারি বিষয়ে উনার পড়াশুনা নই"
    },
    "price": 1500
  }
]
